INSERT INTO Region (region_id, name) VALUES
(1, 'United States'),
(2, 'Canada'),
(3, 'United Kingdom'),
(4, 'Germany'),
(5, 'Japan'),
(6, 'Australia');

INSERT INTO SubscriptionTier (tier_id, name, description, price) VALUES
(1, 'Basic', 'Entry-level access to standard catalog content.', 9),
(2, 'Plus', 'Expanded access to most catalog content and premium features.', 15),
(3, 'Premium', 'Full platform access including highest-tier content.', 22);

INSERT INTO SubscriptionPriceHistory (subscription_price_id, tier_id, from_price, to_price, effective_start, effective_end) VALUES
(1, 1, 8.00, 9.00, '2026-01-01', NULL),
(2, 2, 13.00, 15.00, '2026-01-01', NULL),
(3, 3, 20.00, 22.00, '2026-01-01', NULL),
(4, 1, 7.00, 8.00, '2025-01-01', '2025-12-31'),
(5, 2, 12.00, 13.00, '2025-01-01', '2025-12-31'),
(6, 3, 18.00, 20.00, '2025-01-01', '2025-12-31');

INSERT INTO User (
    user_id, email, phone_number, user_role,
    first_name, last_name, password, creation_date,
    region_id, referral_method,
    display_name, profile_description
) VALUES
(1,'adrian.holt@example.com',555100101,'admin','Adrian','Holt','pw_admin_01','2024-01-10',1,'online search','AdrianH','Platform administrator'),
(2,'bianca.reed@example.com',555100102,'admin','Bianca','Reed','pw_admin_02','2024-02-14',2,'advertisement','BiancaR','Marketing admin'),
(3,'caleb.price@example.com',555100103,'admin','Caleb','Price','pw_admin_03','2024-03-08',3,'promotion','CalebP','Management admin'),
(4,'diana.cross@example.com',555100104,'admin','Diana','Cross','pw_admin_04','2024-04-19',1,'word of mouth','DianaC','Development admin'),
(5,'ethan.snow@example.com',555100105,'admin','Ethan','Snow','pw_admin_05','2024-05-22',4,'online platform','EthanS','Infrastructure admin'),
(6,'mira.chen@example.com',555100106,'creator','Mira','Chen','pw_creator_01','2024-06-01',5,'online search','MiraCreates','Travel and documentary creator'),
(7,'noah.bennett@example.com',555100107,'creator','Noah','Bennett','pw_creator_02','2024-06-05',1,'word of mouth','NoahNarrates','Podcast and interview creator'),
(8,'priya.kapoor@example.com',555100108,'creator','Priya','Kapoor','pw_creator_03','2024-06-09',2,'advertisement','PriyaPlays','Music-focused creator'),
(9,'leo.fischer@example.com',555100109,'creator','Leo','Fischer','pw_creator_04','2024-06-13',4,'online platform','LeoLens','Short film creator'),
(10,'hana.mori@example.com',555100110,'creator','Hana','Mori','pw_creator_05','2024-06-17',5,'promotion','HanaStudio','Animation creator'),
(11,'aarav.patel@example.com',555100111,'viewer','Aarav','Patel','pw_viewer_01','2024-07-01',1,'online search','AaravP','Viewer profile'),
(12,'amelia.scott@example.com',555100112,'viewer','Amelia','Scott','pw_viewer_02','2024-07-02',2,'word of mouth','AmeliaS','Viewer profile'),
(13,'ben.turner@example.com',555100113,'viewer','Ben','Turner','pw_viewer_03','2024-07-03',3,'advertisement','BenT','Viewer profile'),
(14,'clara.nguyen@example.com',555100114,'viewer','Clara','Nguyen','pw_viewer_04','2024-07-04',1,'promotion','ClaraN','Viewer profile'),
(15,'daniel.kim@example.com',555100115,'viewer','Daniel','Kim','pw_viewer_05','2024-07-05',5,'online platform','DanielK','Viewer profile'),
(16,'elena.ross@example.com',555100116,'viewer','Elena','Ross','pw_viewer_06','2024-07-06',2,'prefer not to say','ElenaR','Viewer profile'),
(17,'felix.ward@example.com',555100117,'viewer','Felix','Ward','pw_viewer_07','2024-07-07',4,'online search','FelixW','Viewer profile'),
(18,'grace.hughes@example.com',555100118,'viewer','Grace','Hughes','pw_viewer_08','2024-07-08',1,'advertisement','GraceH','Viewer profile'),
(19,'henry.long@example.com',555100119,'viewer','Henry','Long','pw_viewer_09','2024-07-09',3,'word of mouth','HenryL','Viewer profile'),
(20,'ivy.brooks@example.com',555100120,'viewer','Ivy','Brooks','pw_viewer_10','2024-07-10',6,'promotion','IvyB','Viewer profile'),
(21,'jackson.lee@example.com',555100121,'viewer','Jackson','Lee','pw_viewer_11','2024-07-11',1,'online search','JacksonL','Viewer profile'),
(22,'kiara.adams@example.com',555100122,'viewer','Kiara','Adams','pw_viewer_12','2024-07-12',2,'online platform','KiaraA','Viewer profile'),
(23,'liam.carter@example.com',555100123,'viewer','Liam','Carter','pw_viewer_13','2024-07-13',4,'advertisement','LiamC','Viewer profile'),
(24,'maya.hall@example.com',555100124,'viewer','Maya','Hall','pw_viewer_14','2024-07-14',5,'word of mouth','MayaH','Viewer profile'),
(25,'nora.wright@example.com',555100125,'viewer','Nora','Wright','pw_viewer_15','2024-07-15',3,'online search','NoraW','Viewer profile'),
(26,'owen.mitchell@example.com',555100126,'viewer','Owen','Mitchell','pw_viewer_16','2024-07-16',6,'promotion','OwenM','Viewer profile'),
(27,'paige.wood@example.com',555100127,'viewer','Paige','Wood','pw_viewer_17','2024-07-17',1,'advertisement','PaigeW','Viewer profile'),
(28,'quentin.bell@example.com',555100128,'viewer','Quentin','Bell','pw_viewer_18','2024-07-18',2,'online platform','QuentinB','Viewer profile'),
(29,'ruby.cooper@example.com',555100129,'viewer','Ruby','Cooper','pw_viewer_19','2024-07-19',5,'prefer not to say','RubyC','Viewer profile'),
(30,'samuel.bailey@example.com',555100130,'viewer','Samuel','Bailey','pw_viewer_20','2024-07-20',4,'word of mouth','SamuelB','Viewer profile'),
(31,'tessa.murphy@example.com',555100131,'viewer','Tessa','Murphy','pw_viewer_21','2024-07-21',1,'online search','TessaM','Viewer profile'),
(32,'umar.ali@example.com',555100132,'viewer','Umar','Ali','pw_viewer_22','2024-07-22',2,'advertisement','UmarA','Viewer profile'),
(33,'violet.rivera@example.com',555100133,'viewer','Violet','Rivera','pw_viewer_23','2024-07-23',3,'promotion','VioletR','Viewer profile'),
(34,'william.gray@example.com',555100134,'viewer','William','Gray','pw_viewer_24','2024-07-24',6,'online platform','WilliamG','Viewer profile'),
(35,'ximena.flores@example.com',555100135,'viewer','Ximena','Flores','pw_viewer_25','2024-07-25',5,'word of mouth','XimenaF','Viewer profile'),
(36,'yusuf.khan@example.com',555100136,'viewer','Yusuf','Khan','pw_viewer_26','2024-07-26',4,'online search','YusufK','Viewer profile'),
(37,'zoe.peterson@example.com',555100137,'viewer','Zoe','Peterson','pw_viewer_27','2024-07-27',1,'advertisement','ZoeP','Viewer profile'),
(38,'alexis.moore@example.com',555100138,'viewer','Alexis','Moore','pw_viewer_28','2024-07-28',2,'promotion','AlexisM','Viewer profile'),
(39,'brandon.james@example.com',555100139,'viewer','Brandon','James','pw_viewer_29','2024-07-29',3,'online platform','BrandonJ','Viewer profile'),
(40,'celeste.diaz@example.com',555100140,'viewer','Celeste','Diaz','pw_viewer_30','2024-07-30',6,'word of mouth','CelesteD','Viewer profile'),
(41,'declan.evans@example.com',555100141,'viewer','Declan','Evans','pw_viewer_31','2024-07-31',5,'online search','DeclanE','Viewer profile'),
(42,'esme.collins@example.com',555100142,'viewer','Esme','Collins','pw_viewer_32','2024-08-01',1,'advertisement','EsmeC','Viewer profile'),
(43,'finn.stewart@example.com',555100143,'viewer','Finn','Stewart','pw_viewer_33','2024-08-02',2,'promotion','FinnS','Viewer profile'),
(44,'gianna.morris@example.com',555100144,'viewer','Gianna','Morris','pw_viewer_34','2024-08-03',4,'online platform','GiannaM','Viewer profile'),
(45,'hudson.cook@example.com',555100145,'viewer','Hudson','Cook','pw_viewer_35','2024-08-04',3,'prefer not to say','HudsonC','Viewer profile'),
(46,'isla.barnes@example.com',555100146,'viewer','Isla','Barnes','pw_viewer_36','2024-08-05',5,'word of mouth','IslaB','Viewer profile'),
(47,'julian.russell@example.com',555100147,'viewer','Julian','Russell','pw_viewer_37','2024-08-06',6,'online search','JulianR','Viewer profile'),
(48,'kaia.henderson@example.com',555100148,'viewer','Kaia','Henderson','pw_viewer_38','2024-08-07',1,'advertisement','KaiaH','Viewer profile'),
(49,'lucas.perry@example.com',555100149,'viewer','Lucas','Perry','pw_viewer_39','2024-08-08',2,'promotion','LucasP','Viewer profile'),
(50,'mina.foster@example.com',555100150,'viewer','Mina','Foster','pw_viewer_40','2024-08-09',5,'online platform','MinaF','Viewer profile');

INSERT INTO Creator (user_id, follow_count, watch_count) VALUES
(6, 842, 15400),
(7, 615, 10850),
(8, 1290, 22100),
(9, 970, 18425),
(10, 1115, 19980);
INSERT INTO Admin (user_id, department, hire_date) VALUES
(1, 'IT', '2024-01-15'),
(2, 'marketing', '2024-02-20'),
(3, 'management', '2024-03-12'),
(4, 'development', '2024-04-25'),
(5, 'IT', '2024-05-27');

INSERT INTO Viewer (user_id, age, preferred_language) VALUES
(11, 22, 'English'),
(12, 28, 'French'),
(13, 31, 'English'),
(14, 24, 'English'),
(15, 26, 'Japanese'),
(16, 29, 'Spanish'),
(17, 35, 'German'),
(18, 21, 'English'),
(19, 33, 'English'),
(20, 27, 'Portuguese'),
(21, 25, 'English'),
(22, 30, 'Hindi'),
(23, 32, 'German'),
(24, 23, 'Japanese'),
(25, 34, 'English'),
(26, 29, 'Arabic'),
(27, 20, 'English'),
(28, 36, 'French'),
(29, 27, 'Russian'),
(30, 38, 'English'),
(31, 24, 'English'),
(32, 28, 'Urdu'),
(33, 31, 'Spanish'),
(34, 26, 'English'),
(35, 22, 'Portuguese'),
(36, 40, 'Hindi'),
(37, 19, 'English'),
(38, 27, 'Bengali'),
(39, 33, 'English'),
(40, 29, 'Spanish'),
(41, 37, 'English'),
(42, 23, 'English'),
(43, 26, 'French'),
(44, 30, 'German'),
(45, 35, 'English'),
(46, 21, 'Japanese'),
(47, 28, 'Arabic'),
(48, 24, 'English'),
(49, 32, 'Mandarin Chinese'),
(50, 27, 'English');

INSERT INTO Collection (collection_id, title, type, description) VALUES
(1, 'Skyward Chronicles', 'series', 'A serialized science-fiction drama spanning multiple worlds.'),
(2, 'City Echoes Season 1', 'season', 'First season of an urban mystery anthology.'),
(3, 'Night Drive Sessions', 'album', 'A late-night synth and chill collection.'),
(4, 'Frontier Worlds', 'franchise', 'Shared-universe space exploration stories and specials.'),
(5, 'Weekend Deep Dives', 'playlist', 'Curated long-form commentary and documentary picks.'),
(6, 'Hana Animated Shorts', 'playlist', 'A curated set of animated shorts from HanaStudio.');

INSERT INTO ContentItem (content_id, title, type, release_date, required_tier, collection_id) VALUES
(1, 'Orbital Dawn', 'movie', '2025-01-10', 2, NULL),
(2, 'The Last Monsoon', 'movie', '2024-09-18', 1, NULL),
(3, 'Silent Harbor', 'movie', '2025-02-14', 2, NULL),
(4, 'Paper Lanterns', 'movie', '2023-11-03', 1, NULL),
(5, 'Neon Tundra', 'movie', '2026-03-01', 3, NULL),
(6, 'Skyward Chronicles S1E1', 'episode', '2025-04-01', 2, 1),
(7, 'Skyward Chronicles S1E2', 'episode', '2025-04-08', 2, 1),
(8, 'Skyward Chronicles S1E3', 'episode', '2025-04-15', 2, 1),
(9, 'City Echoes S1E1', 'episode', '2024-10-05', 1, 2),
(10, 'City Echoes S1E2', 'episode', '2024-10-12', 1, 2),
(11, 'City Echoes S1E3', 'episode', '2024-10-19', 1, 2),
(12, 'Comet Street', 'song', '2025-06-01', 1, NULL),
(13, 'Midnight Signals', 'song', '2025-06-15', 2, NULL),
(14, 'Ocean Static', 'song', '2025-07-01', 1, NULL),
(15, 'Glass Skies', 'song', '2025-07-12', 2, NULL),
(16, 'Archive Room', 'article', '2025-01-22', 1, 5),
(17, 'Why We Still Watch Space Dramas', 'article', '2025-02-02', 1, 5),
(18, 'The Economics of Fandom', 'article', '2025-02-16', 2, 5),
(19, 'Inside the Foley Studio', 'article', '2025-03-01', 1, 5),
(20, 'Animation in Three Acts', 'article', '2025-03-17', 2, 5),
(21, 'Creator Talk Ep 1', 'podcast', '2025-05-03', 1, 5),
(22, 'Creator Talk Ep 2', 'podcast', '2025-05-10', 1, 5),
(23, 'Design Notes Weekly', 'podcast', '2025-05-17', 2, 5),
(24, 'Long View Ep 8', 'podcast', '2025-05-24', 2, NULL),
(25, 'Frontier Worlds Special', 'movie', '2025-08-20', 3, 4),
(26, 'Night Drive Intro', 'song', '2025-08-25', 1, 3),
(27, 'Night Drive Reprise', 'song', '2025-08-28', 1, 3),
(28, 'Hana Short: Umbra', 'episode', '2025-09-03', 2, 6),
(29, 'Hana Short: Bloom', 'episode', '2025-09-10', 2, 6),
(30, 'Hana Short: Drift', 'episode', '2025-09-17', 3, 6);

INSERT INTO ContentMetadata (content_id, genre, runtime_minutes, original_language, age_rating) VALUES
(1, 'Science Fiction', 124, 'English', 'PG-13'),
(2, 'Drama', 101, 'English', 'PG-13'),
(3, 'Thriller', 112, 'English', 'PG-13'),
(4, 'Drama', 97, 'Japanese', 'PG'),
(5, 'Science Fiction', 130, 'English', 'R'),
(6, 'Science Fiction', 48, 'English', 'PG-13'),
(7, 'Science Fiction', 47, 'English', 'PG-13'),
(8, 'Science Fiction', 50, 'English', 'PG-13'),
(9, 'Mystery', 44, 'English', 'PG-13'),
(10, 'Mystery', 45, 'English', 'PG-13'),
(11, 'Mystery', 46, 'English', 'PG-13'),
(12, 'Synthwave', 4, 'English', 'G'),
(13, 'Electronic', 5, 'English', 'G'),
(14, 'Ambient', 4, 'Japanese', 'G'),
(15, 'Pop', 3, 'English', 'G'),
(16, 'Culture', 18, 'English', 'G'),
(17, 'Entertainment', 12, 'English', 'G'),
(18, 'Business', 15, 'English', 'G'),
(19, 'Behind the Scenes', 11, 'English', 'G'),
(20, 'Animation', 20, 'Japanese', 'PG'),
(21, 'Interview', 58, 'English', 'PG'),
(22, 'Interview', 61, 'English', 'PG'),
(23, 'Design', 54, 'German', 'PG'),
(24, 'Commentary', 63, 'English', 'PG'),
(25, 'Science Fiction', 138, 'English', 'PG-13'),
(26, 'Synthwave', 3, 'English', 'G'),
(27, 'Synthwave', 4, 'English', 'G'),
(28, 'Animation', 19, 'Japanese', 'PG'),
(29, 'Animation', 21, 'Japanese', 'PG'),
(30, 'Animation', 18, 'Japanese', 'PG');

INSERT INTO Subscription (user_id, tier_id, start_date, end_date, status) VALUES
(11, 1, '2026-04-01', '2026-04-30', 'active'),
(12, 2, '2026-04-01', '2026-04-30', 'active'),
(13, 1, '2026-04-01', '2026-04-30', 'active'),
(14, 2, '2026-04-01', '2026-04-30', 'active'),
(15, 3, '2026-04-01', '2026-04-30', 'active'),
(16, 1, '2026-04-01', '2026-04-30', 'active'),
(17, 2, '2026-04-01', '2026-04-30', 'active'),
(18, 1, '2026-04-01', '2026-04-30', 'active'),
(19, 1, '2026-04-01', '2026-04-30', 'active'),
(20, 2, '2026-04-01', '2026-04-30', 'active'),
(21, 1, '2026-04-01', '2026-04-30', 'active'),
(22, 3, '2026-04-01', '2026-04-30', 'active'),
(23, 2, '2026-04-01', '2026-04-30', 'active'),
(24, 1, '2026-04-01', '2026-04-30', 'active'),
(25, 2, '2026-04-01', '2026-04-30', 'active'),
(26, 1, '2026-04-01', '2026-04-30', 'active'),
(27, 1, '2026-04-01', '2026-04-30', 'active'),
(28, 2, '2026-04-01', '2026-04-30', 'active'),
(29, 3, '2026-04-01', '2026-04-30', 'active'),
(30, 1, '2026-04-01', '2026-04-30', 'active'),
(31, 1, '2026-04-01', '2026-04-30', 'active'),
(32, 2, '2026-04-01', '2026-04-30', 'active'),
(33, 1, '2026-04-01', '2026-04-30', 'active'),
(34, 2, '2026-04-01', '2026-04-30', 'active'),
(35, 3, '2026-04-01', '2026-04-30', 'active'),
(36, 1, '2026-04-01', '2026-04-30', 'active'),
(37, 1, '2026-04-01', '2026-04-30', 'active'),
(38, 2, '2026-04-01', '2026-04-30', 'active'),
(39, 2, '2026-04-01', '2026-04-30', 'active'),
(40, 1, '2026-04-01', '2026-04-30', 'active'),
(41, 3, '2026-04-01', '2026-04-30', 'active'),
(42, 1, '2026-04-01', '2026-04-30', 'active'),
(43, 2, '2026-04-01', '2026-04-30', 'active'),
(44, 1, '2026-04-01', '2026-04-30', 'active'),
(45, 2, '2026-04-01', '2026-04-30', 'active'),
(46, 1, '2026-04-01', '2026-04-30', 'active'),
(47, 3, '2026-04-01', '2026-04-30', 'active'),
(48, 1, '2026-04-01', '2026-04-30', 'active'),
(49, 2, '2026-04-01', '2026-04-30', 'active'),
(50, 1, '2026-04-01', '2026-04-30', 'active');

INSERT INTO SubscriptionTransition (plan_change_id, user_id, from_plan, to_plan, plan_change_reason, plan_change_date) VALUES
(1, 12, 1, 2, 'more content', '2026-04-03'),
(2, 15, 2, 3, 'premium features', '2026-04-04'),
(3, 18, 2, 1, 'budget', '2026-04-05'),
(4, 22, 1, 3, 'more content', '2026-04-06'),
(5, 28, 1, 2, 'better catalog', '2026-04-08'),
(6, 35, 2, 3, 'premium features', '2026-04-09'),
(7, 41, 2, 3, 'family usage', '2026-04-11'),
(8, 49, 3, 2, 'no more content needed', '2026-04-13');

INSERT INTO Invoice (invoice_id, user_id, period_start, period_end, amount, paid_flag, created_at) VALUES
(1, 11, '2026-04-01', '2026-04-30', 9.00, TRUE, '2026-04-01'),
(2, 12, '2026-04-01', '2026-04-30', 15.00, TRUE, '2026-04-01'),
(3, 13, '2026-04-01', '2026-04-30', 9.00, TRUE, '2026-04-01'),
(4, 14, '2026-04-01', '2026-04-30', 15.00, FALSE, '2026-04-01'),
(5, 15, '2026-04-01', '2026-04-30', 22.00, TRUE, '2026-04-01'),
(6, 16, '2026-04-01', '2026-04-30', 9.00, TRUE, '2026-04-01'),
(7, 17, '2026-04-01', '2026-04-30', 15.00, FALSE, '2026-04-01'),
(8, 18, '2026-04-01', '2026-04-30', 9.00, TRUE, '2026-04-01'),
(9, 19, '2026-04-01', '2026-04-30', 9.00, TRUE, '2026-04-01'),
(10, 20, '2026-04-01', '2026-04-30', 15.00, TRUE, '2026-04-01'),
(11, 21, '2026-04-01', '2026-04-30', 9.00, FALSE, '2026-04-01'),
(12, 22, '2026-04-01', '2026-04-30', 22.00, TRUE, '2026-04-01'),
(13, 23, '2026-04-01', '2026-04-30', 15.00, TRUE, '2026-04-01'),
(14, 24, '2026-04-01', '2026-04-30', 9.00, TRUE, '2026-04-01'),
(15, 25, '2026-04-01', '2026-04-30', 15.00, TRUE, '2026-04-01'),
(16, 26, '2026-04-01', '2026-04-30', 9.00, FALSE, '2026-04-01'),
(17, 27, '2026-04-01', '2026-04-30', 9.00, TRUE, '2026-04-01'),
(18, 28, '2026-04-01', '2026-04-30', 15.00, TRUE, '2026-04-01'),
(19, 29, '2026-04-01', '2026-04-30', 22.00, TRUE, '2026-04-01'),
(20, 30, '2026-04-01', '2026-04-30', 9.00, TRUE, '2026-04-01'),
(21, 31, '2026-04-01', '2026-04-30', 9.00, TRUE, '2026-04-01'),
(22, 32, '2026-04-01', '2026-04-30', 15.00, FALSE, '2026-04-01'),
(23, 33, '2026-04-01', '2026-04-30', 9.00, TRUE, '2026-04-01'),
(24, 34, '2026-04-01', '2026-04-30', 15.00, TRUE, '2026-04-01'),
(25, 35, '2026-04-01', '2026-04-30', 22.00, TRUE, '2026-04-01'),
(26, 36, '2026-04-01', '2026-04-30', 9.00, TRUE, '2026-04-01'),
(27, 37, '2026-04-01', '2026-04-30', 9.00, FALSE, '2026-04-01'),
(28, 38, '2026-04-01', '2026-04-30', 15.00, TRUE, '2026-04-01'),
(29, 39, '2026-04-01', '2026-04-30', 15.00, TRUE, '2026-04-01'),
(30, 40, '2026-04-01', '2026-04-30', 9.00, TRUE, '2026-04-01'),
(31, 41, '2026-04-01', '2026-04-30', 22.00, TRUE, '2026-04-01'),
(32, 42, '2026-04-01', '2026-04-30', 9.00, TRUE, '2026-04-01'),
(33, 43, '2026-04-01', '2026-04-30', 15.00, FALSE, '2026-04-01'),
(34, 44, '2026-04-01', '2026-04-30', 9.00, TRUE, '2026-04-01'),
(35, 45, '2026-04-01', '2026-04-30', 15.00, TRUE, '2026-04-01'),
(36, 46, '2026-04-01', '2026-04-30', 9.00, TRUE, '2026-04-01'),
(37, 47, '2026-04-01', '2026-04-30', 22.00, TRUE, '2026-04-01'),
(38, 48, '2026-04-01', '2026-04-30', 9.00, FALSE, '2026-04-01'),
(39, 49, '2026-04-01', '2026-04-30', 15.00, TRUE, '2026-04-01'),
(40, 50, '2026-04-01', '2026-04-30', 9.00, TRUE, '2026-04-01');

INSERT INTO Follows (viewer_id, creator_id, follow_date) VALUES
(11, 6, '2026-01-10'),
(11, 9, '2026-02-14'),
(12, 6, '2026-01-20'),
(12, 8, '2026-03-01'),
(13, 7, '2026-02-11'),
(14, 10, '2026-02-23'),
(15, 6, '2026-03-05'),
(16, 9, '2026-03-06'),
(17, 7, '2026-03-08'),
(18, 8, '2026-03-09'),
(19, 10, '2026-03-10'),
(20, 6, '2026-03-11'),
(21, 9, '2026-03-12'),
(22, 8, '2026-03-13'),
(23, 7, '2026-03-14'),
(24, 10, '2026-03-15'),
(25, 6, '2026-03-16'),
(26, 8, '2026-03-17'),
(27, 9, '2026-03-18'),
(28, 7, '2026-03-19');

INSERT INTO Bookmark (viewer_id, content_id, created_at) VALUES
(11, 1, '2026-04-02 09:14:00'),
(11, 6, '2026-04-02 09:18:00'),
(12, 3, '2026-04-03 10:02:00'),
(12, 18, '2026-04-03 10:05:00'),
(13, 9, '2026-04-03 18:11:00'),
(14, 5, '2026-04-04 12:40:00'),
(15, 25, '2026-04-04 21:12:00'),
(16, 20, '2026-04-05 08:01:00'),
(17, 2, '2026-04-05 13:33:00'),
(18, 21, '2026-04-05 16:44:00'),
(19, 12, '2026-04-06 07:21:00'),
(20, 24, '2026-04-06 09:54:00'),
(21, 7, '2026-04-06 20:18:00'),
(22, 30, '2026-04-07 22:47:00'),
(23, 17, '2026-04-08 11:09:00'),
(24, 10, '2026-04-08 14:31:00'),
(25, 13, '2026-04-08 16:52:00'),
(26, 1, '2026-04-09 19:16:00'),
(27, 28, '2026-04-09 20:20:00'),
(28, 23, '2026-04-10 08:48:00');

INSERT INTO Rating (viewer_id, content_id, score) VALUES
(11, 1, 5),
(12, 3, 4),
(13, 9, 4),
(14, 5, 5),
(15, 25, 5),
(16, 20, 4),
(17, 2, 3),
(18, 21, 4),
(19, 12, 5),
(20, 24, 4),
(21, 7, 5),
(22, 30, 5),
(23, 17, 3),
(24, 10, 4),
(25, 13, 5),
(26, 1, 4),
(27, 28, 5),
(28, 23, 4),
(29, 15, 5),
(30, 11, 3),
(31, 6, 4),
(32, 18, 4),
(33, 26, 5),
(34, 16, 3),
(35, 29, 5);

INSERT INTO Watches (user_id, content_id, total_watch_time, total_watch_count) VALUES
(11, 1, 248, 2),
(11, 6, 96, 2),
(12, 3, 112, 1),
(12, 18, 30, 2),
(13, 9, 88, 2),
(14, 5, 130, 1),
(15, 25, 276, 2),
(16, 20, 20, 1),
(17, 2, 101, 1),
(18, 21, 116, 2),
(19, 12, 12, 3),
(20, 24, 63, 1),
(21, 7, 141, 3),
(22, 30, 36, 2),
(23, 17, 24, 2),
(24, 10, 45, 1),
(25, 13, 15, 3),
(26, 1, 124, 1),
(27, 28, 38, 2),
(28, 23, 108, 2),
(29, 15, 9, 3),
(30, 11, 46, 1),
(31, 6, 48, 1),
(32, 18, 45, 3),
(33, 26, 9, 3),
(34, 16, 18, 1),
(35, 29, 42, 2),
(36, 14, 8, 2),
(37, 22, 61, 1),
(38, 4, 97, 1);

INSERT INTO ContentRegionBlock (content_id, region_id) VALUES
(5, 3),
(5, 4),
(15, 5),
(18, 4),
(20, 5),
(23, 3),
(25, 2),
(25, 6),
(28, 1),
(30, 2);